{
    "rmse": 0.699559866799274,
    "mae": 0.5433030673109178,
    "r2": 0.2745096734831507
}