{
    "rmse": 0.6986951064193291,
    "mae": 0.5417457031953438,
    "r2": 0.2763021934815818
}